{"runid":"run_20260724_113531","stageA":{"orders":[2.0005648868210337,2.0009488554889185,2.000176645423617],"prod":[1.419897668308856E-5,1.769844427013112E-6,1.248692496957915E-5]},"mms":{"Ng":[8,16,32],"h":[0.00625,0.003125,0.0015625],"nelem":[1070,4463,18091],"Ewin_err":[-0.13143416428698318,-0.034266878544061852,-0.0086965193988587375],"src":[-2.2204460492503131E-16,2.4424906541753444E-15,1.7763568394002505E-15],"order":1.9588792063838902,"orderA":1.9989966698971726,"Ewin_exact":1.6959346303085132,"Ihalf_exact":7957.7471545947656},"coax":{"h":[0.004,0.002,0.001,0.0005,0.00025,0.000125],"heff":[0.0016991717828984327,0.001103009891088043,0.00072115162742886045,0.00041645719853407542,0.00023351563372468775,0.000125],"Nelem":[2498,5928,13868,41584,132262,461580],"E_serr":[-0.0062359714416908045,-0.00393755508334689,-0.0015496121593983282,-0.00050679448321351659,-0.0001533143700584376,-4.1645074315939164E-5],"Ein_serr":[-0.0073100654071011316,-0.0037647620571776286,-0.0017826005204056236,-0.00051198327419006533,-0.00013701830057122506,-3.6039419532007955E-5],"bi8_serr":[0.0010546292783295916,0.00046545445669367248,8.1863073459357736E-5,1.0072496799725047E-5,5.3557750588071305E-6,4.8848733963532075E-7],"Amp_on_serr":[-0.0009138540757659408,0.0023284772884810678,0.00040928155775410424,0.00036140247443294804,7.4371785925952949E-5,0.00010639597628392394],"Amp_off_serr":[-0.025697048822747814,-0.011400535919272814,0.0040400497830910265,-0.00020078540114365495,0.00083094791304705318,-0.00030341848489012779],"Bpt_on_max":[0.014106588910904772,0.012170180477028003,0.0067776489179532939,0.0041358271357130327,0.003227582867709522,0.0012754499640754702],"Bpt_off_max":[0.10673332604920449,0.11924005991760955,0.049706322560326255,0.02856844317803453,0.015510442800513502,0.0097391021347565943],"probes":[[0.0059769047247689722,0.0018273231545171049],[0.00854697375641963,0.00261307211095946],[0.011117042788070287,0.0033988210674018148],[0.013687111819720946,0.00418457002384417],[0.016257180851371605,0.0049703189802865252],[-0.0032189879681878393,0.0053572956293882028],[-0.0046031527945086109,0.00766093275002513],[-0.0059873176208293808,0.0099645698706620559],[-0.0073714824471501524,0.012268206991298984],[-0.0087556472734709231,0.014571844111935911],[-0.0012994480676109988,-0.0061134225045862854],[-0.0018582107366837282,-0.0087421941815583881],[-0.0024169734057564573,-0.01137096585853049],[-0.0029757360748291872,-0.013999737535502594],[-0.0035344987439019167,-0.016628509212474697]]},"celik":{"E":{"p_celik":2.0591402630267623,"p_fit3":2.0765522098667306,"r21":1.868125069797502,"GCI12":5.3253400321577204E-5,"asym":1.0001116864188753,"status":"VALID","cover":1.2787442739943697,"true_finest":4.1645074315939164E-5,"f_rich":0.0013862956862395047,"rich_err":9.5587174790948334E-7},"E_req":{"p_celik":1.6623964898678105,"p_fit3":1.8025915238831913,"r21":2,"GCI12":6.4464397633673653E-5,"asym":1.0001116864188753,"status":"VALID","cover":1.5479477151275165,"true_finest":4.1645074315939164E-5,"f_rich":0.0013863081191156001,"rich_err":9.9242960913203245E-6},"Ein":{"p_celik":2.328756010212556,"p_fit3":2.2041155821088889,"r21":1.868125069797502,"GCI12":3.8415530290449326E-5,"asym":1.00010099271889,"status":"VALID","cover":1.0659308831633945,"true_finest":3.6039419532007955E-5,"f_rich":0.00024999867297428039,"rich_err":5.3081028784669054E-6},"bi8":{"p_celik":0.076013957930009576,"p_fit3":2.5321762291478342,"r21":1.868125069797502,"GCI12":null,"asym":null,"status":"REFUSED: order solve failed","cover":null,"true_finest":4.8848733963532075E-7,"f_rich":null,"rich_err":null},"Amp":{"p_celik":null,"p_fit3":0.99488255242979073,"r21":1.868125069797502,"GCI12":null,"asym":null,"status":"REFUSED: non-monotone (oscillatory) triplet","cover":null,"true_finest":0.00010639597628397723,"f_rich":null,"rich_err":null}},"diag":{"ms":[1.25,0.625,0.3125],"ms_bi8":[-5.0611674230260917E-5,-1.0072496799740094E-5,-1.958207361618669E-5],"depth_ratio":2,"tol_prec":[1E-8,1E-10,1E-12],"tol_dE":3.7135033509311507E-12,"tol_dbi8":2.4736734309746822E-9,"tol_dIl":2.0655107846323517E-10},"loopdom":{"Rset":[0.1,0.14,0.2],"maxPhi":[0.00017874832729791734,0.00068684763816018179,0.0006033069032038707],"maxB":[0.0108524013701079,0.010513133632939597,0.0028521400197984992],"nelem":[42849,75242,148519],"plateau":{"dPhi_12":0.00072676528698588231,"dPhi_23":0.0012901545413640072,"dB_12":0.0049513504681895507,"dB_23":0.0097309906038843177}},"gates":{"APRIME":true,"MMS":false,"COAX_E":true,"COAX_EIN":true,"BI8":true,"AMP":false,"POINT":true,"LOOPDOM":false,"SOLVER":true,"REF":true,"UNITS":true},"gatecfg_crit":{"APRIME":"all 3 operator orders in [1.7,2.3] AND N=200 err < 1e-3","MMS":"solver MMS: Ewin fitted order in [1.6,2.4] AND finest |err| < 1e-3 AND source self-checks pass","COAX_E":"Celik p in [1.6,2.4] AND asym in [0.85,1.15] AND finest |signed err| < 1.5e-4 AND GCI covers truth","COAX_EIN":"finest |signed err| < 5e-4 AND |err| monotone decreasing","BI8":"TRUE-error criterion only: finest |signed err| < 2e-5; GCI formally withdrawn for this functional","AMP":"smoothed channel authoritative: finest |signed err| < 1e-4 (OFF = sentinel)","POINT":"15 fixed probes, smoothed: finest max |signed err| < 2.5e-3","LOOPDOM":"finest-mesh domain plateau: max rel delta (R 0.14->0.20) < 1e-3 on Phi AND |B|","SOLVER":"tolerance-sweep deltas < 10 percent of finest mesh error per observable","REF":"independent 25-digit references agree with integral2 refs < 1e-9 (measured 6e-13, cloud QC 2026-07-24)","UNITS":"two-depth test: bi8 ratio = 2 within 1e-6","PROV":"manifest: 100 percent of run artifacts + sources + femm.exe hashed (SHA-256, full)"},"approval":{"by":"Mohammed","date":"2026-07-24","mode":"AskUserQuestion: Approve but stricter","tightened":"E 3e-4->1.5e-4, Ampere 2e-4->1e-4, probes 5e-3->2.5e-3"},"manifest":{"nsources":10,"nartifacts":43,"femm_sha":"5e83cf0899cabae2017868ddcce338e3ba4ac25d1bf8e511eac77eda2bc92a21"}}